{"cameraMode":{"drawMode":0,"name":"Shaded","section":"Shading Mode"},"sceneLighting":false,"audioPlay":false,"sceneViewState":{"m_AlwaysRefresh":false,"showFog":true,"showSkybox":false,"showFlares":true,"showImageEffects":true,"showParticleSystems":true,"showVisualEffectGraphs":true,"m_FxEnabled":true},"in2DMode":false,"pivot":{"x":-5.616203784942627,"y":0.722565233707428,"z":254.56185913085938},"rotation":{"x":0.012520338408648968,"y":0.9471402764320374,"z":-0.31840887665748598,"w":0.03724291920661926},"size":2.6499364376068117,"orthographic":false}